{
  "cagr": -0.24884242820063218,
  "final_equity": 9838.00464705771,
  "max_dd": 0.02007344447247424,
  "num_trades": 29,
  "sharpe": -0.7696505179225835,
  "total_return": -0.016199535294228906,
  "win_rate": 0.6551724137931034
}
