{
  "cagr": 0.62,
  "final_equity": 17659.3483519089,
  "max_dd": 0.118,
  "num_trades": 42,
  "sharpe": 1.32,
  "total_return": 0.76593483519089,
  "win_rate": 0.6904761904761905
}
